path,description
output/viz/eda_publication_volume.png,publication volume per year and document type stacked bar
output/viz/eda_top20_authors.png,top 20 most prolific authors by total publication count
output/viz/eda_edge_volume_temporal.png,coauthorship edge volume per year and cumulative edge ratio
output/viz/eda_graph_topology.png,"coauthorship graph topology: degree distribution, component sizes, clustering"
output/viz/hdbscan_grid_search.png,hdbscan grid search dbcv validity index curves
output/topic_labels.csv,auto-generated topic labels via c-TF-IDF with paper counts
output/viz/topic_umap_scatter.png,2D UMAP scatter plot of paper topic clusters from HDBSCAN
output/viz/topic_umap_interactive.html,interactive UMAP 2D scatter plot of paper topic clusters
output/viz/topic_size_bar.png,top 15 research topics ranked by number of papers
output/viz/hetero_graph_schema.png,heterogeneous temporal graph schema diagram 3 node types and 3 meta-relations
output/viz/coauthor_subgraph_sample.png,top-25 author coauthorship subgraph with labeled nodes and edge width as weight
output/viz/coauthor_subgraph_interactive.html,interactive plotly coauthorship subgraph top 25 authors
output/link_prediction_split_summary.csv,temporal split summary
output/cold_start_diagnostics.csv,cold-start ratio of evaluation pairs with no common neighbor in training graph
output/models/dysat_model.pt,trained DySAT model state dict
output/viz/dysat_training_curve.png,DySAT training loss and validation AUC curves per epoch
output/dysat_seed_stability.csv,DySAT seed stability across 3 random seeds
output/model_comparison.csv,Full benchmark comparison table across all models on test split
output/viz/classification_ranking_metrics_bar.png,Proportional bar chart comparison of classification ranking metrics across models
output/viz/regression_error_metrics_bar.png,Bar chart comparison of RMSE and MAE regression error metrics
output/viz/cold_start_breakdown.png,cold-start vs non-cold-start AUC breakdown per model
output/top3_models.csv,top 3 models ranked by average rank across all evaluation metrics
output/predicted_collaborations_2025.csv,full ranked list of predicted collaborations for 2025 with author names and scores
output/viz/predicted_collaboration_graph_2025.png,predicted collaboration network for 2025 with labeled author nodes and edge type legend
output/viz/predicted_collaboration_graph_interactive.html,interactive plotly predicted collaboration network 2025
output/top20_new_collaborations_2025.csv,top 20 predicted new collaboration pairs for 2025 with author names and scores
