topic_id,topic_label,n_papers
9,vector / deep / convolutional neural,667
21,analysis thematic / ethnography / methods thematic,581
8,metaheuristic / logic logic / swarm optimization,443
11,wireless sensor / sensor networks / things iot,434
25,teacher empowerment / leadership teacher / mentoring,419
19,strategies metacognitive / collaborative problem / strategies cognitive,274
2,understanding video / augmented reality / technology visual,252
24,mobile learning / computer assisted / assisted instruction,245
26,wellbeing qualitative / research student / research educational,224
23,model project / active learning / pembelajaran project,216
15,data warehousing / warehousing data / architecture data,208
17,usability user / testing usability / ux,187
12,renewable / photovoltaic / dc microgrid,185
1,duck / bacteria / extract,176
13,software size / scrum / estimation software,174
7,debt / blockchain / financial literacy,155
22,learning online / pembelajaran learning / online learning,131
10,software defined / defined network / cloud computing,129
20,based blended / flipped / blended learning,129
16,usability web3 / semantic web / web3 usability,128
5,devices software / chatbot / devices telecommunications,121
0,game edukasi / game theory / bangun game,113
6,certificates digital / currency educational / digital music,112
27,telecommunications qualitative / analysis pedagogical / factors educational,110
18,modeling entity / modeling er / model data,107
3,atmospheric science / geophysics / thunderstorm,86
14,alumni / educational data / informatika universitas,80
4,motivation intrinsic / motivation qualitative / pengaruh motivasi,74
