model,auc,average_precision,hits_at_10,mrr,rmse,mae,params,category,auc_rank,average_precision_rank,hits_at_10_rank,mrr_rank,rmse_rank,mae_rank,average_rank
ROLAND (Temporal),0.6690129910460121,0.6912196392612029,0.23741007194244604,0.13936543365957726,0.22253884375095367,0.1760992705821991,623746.0,Learned Model,2.0,2.0,8.0,1.0,2.0,2.0,2.8333333333333335
DySAT (Temporal),0.6860410951814089,0.7007677237324719,0.2733812949640288,0.11349238652921428,0.22916154563426971,0.18147988617420197,491395.0,Learned Model,1.0,1.0,4.0,7.0,3.0,3.0,3.1666666666666665
EvolveGCN-O (Temporal),0.6472749857667823,0.6731494175993802,0.20863309352517986,0.12905393414551908,0.19399809837341309,0.13823677599430084,472962.0,Learned Model,3.0,4.0,9.0,2.0,1.0,1.0,3.3333333333333335
Static RGCN,0.6396666839190518,0.6756382207639244,0.2446043165467626,0.11320705061576572,0.24623996019363403,0.20017533004283905,423426.0,Learned Model,4.0,3.0,6.5,8.0,4.0,4.0,4.916666666666667
Common Neighbors Jaccard,0.6364577402825942,0.6639010272021447,0.30935251798561153,0.12557671604140416,0.663920940837462,0.47747078689604855,,Non-Learned Baseline,6.0,6.0,1.0,3.0,8.0,9.0,5.5
Adamic Adar,0.636664768904301,0.6610348376043451,0.302158273381295,0.11931657300272337,0.6940141749270005,0.4737121470629723,,Non-Learned Baseline,5.0,7.0,2.5,4.0,9.0,8.0,5.916666666666667
Resource Allocation,0.6362765902386005,0.6574405512520699,0.302158273381295,0.11377598798049146,0.6492773177609984,0.4682408902319803,,Non-Learned Baseline,7.0,9.0,2.5,6.0,7.0,7.0,6.416666666666667
TGN (Continuous-Time),0.6228456084053621,0.660535801711031,0.2446043165467626,0.11668525873566936,0.254106730222702,0.207707941532135,719426.0,Learned Model,9.0,8.0,6.5,5.0,5.0,5.0,6.416666666666667
Static VGAE,0.6348532684643653,0.6713785422141327,0.2517985611510791,0.1102550540192376,0.2784559726715088,0.264214426279068,415234.0,Learned Model,8.0,5.0,5.0,9.0,6.0,6.0,6.5
