author_a,author_b,predicted_probability,predicted_intensity,is_existing,author_a_name,author_b_name
-BuJoD0AAAAJ,Smb2eg8AAAAJ,0.9808968305587769,0.5176618099212646,False,Ratih Amelia,Nanang Hoesen. H. A.
6ifThF0AAAAJ,n7ykK-IAAAAJ,0.9804523587226868,0.4963507652282715,False,Ika Diyah Candra Arifah,Dhiyan Septa Wihara
i0pkJZoAAAAJ,n7ykK-IAAAAJ,0.9803435802459717,0.4613015353679657,False,Yuni Rosita Dewi,Dhiyan Septa Wihara
DsVi_OAAAAAJ,Smb2eg8AAAAJ,0.9796240329742432,0.437240332365036,False,Nadia Nur Thahirrah,Nanang Hoesen. H. A.
Smb2eg8AAAAJ,n7ykK-IAAAAJ,0.9795864224433899,0.4611913561820984,False,Nanang Hoesen. H. A.,Dhiyan Septa Wihara
4Yhmpg0AAAAJ,DsVi_OAAAAAJ,0.979486882686615,0.45134299993515015,False,Hujjatullah Fazlurrahman,Nadia Nur Thahirrah
-BuJoD0AAAAJ,i0pkJZoAAAAJ,0.9786897301673889,0.4467952847480774,False,Ratih Amelia,Yuni Rosita Dewi
dfwr-2YAAAAJ,i0pkJZoAAAAJ,0.9780541658401489,0.40989285707473755,False,Muhammad Fajar Wahyudi Rahman,Yuni Rosita Dewi
DsVi_OAAAAAJ,i0pkJZoAAAAJ,0.9773773550987244,0.3977215588092804,False,Nadia Nur Thahirrah,Yuni Rosita Dewi
Smb2eg8AAAAJ,i0pkJZoAAAAJ,0.9772897958755493,0.4148176610469818,False,Nanang Hoesen. H. A.,Yuni Rosita Dewi
AjvtBWIAAAAJ,zDgqPOsAAAAJ,0.9769495129585266,0.5089706182479858,False,Siti Masitoh,Mustaji
1xVR-fgAAAAJ,W7ncZRgAAAAJ,0.9767513275146484,0.36538010835647583,False,1xVR-fgAAAAJ,Hafid Kholidi Hadi
p4gdgRgAAAAJ,zDgqPOsAAAAJ,0.9766457676887512,0.48649731278419495,False,Rusijono,Mustaji
1xVR-fgAAAAJ,DrE0Lf8AAAAJ,0.9763387441635132,0.3691762089729309,False,1xVR-fgAAAAJ,Fresha Kharisma
1xVR-fgAAAAJ,DsVi_OAAAAAJ,0.9756972789764404,0.3690175414085388,False,1xVR-fgAAAAJ,Nadia Nur Thahirrah
-BuJoD0AAAAJ,Thp8jg0AAAAJ,0.9756428003311157,0.3909294605255127,False,Ratih Amelia,Dodik Arwin Dermawan
1xVR-fgAAAAJ,dfwr-2YAAAAJ,0.9753330945968628,0.38582393527030945,False,1xVR-fgAAAAJ,Muhammad Fajar Wahyudi Rahman
Hl6bqU8AAAAJ,fkxhjZ4AAAAJ,0.9751513600349426,0.4716390073299408,False,Rindu Puspita Wibawa,Ronggo Alit
4VXQFKYAAAAJ,n7ykK-IAAAAJ,0.9751183986663818,0.3706674575805664,False,Renny Sari Dewi,Dhiyan Septa Wihara
4VXQFKYAAAAJ,4Yhmpg0AAAAJ,0.9750933051109314,0.430679589509964,False,Renny Sari Dewi,Hujjatullah Fazlurrahman
1xVR-fgAAAAJ,n7ykK-IAAAAJ,0.974668025970459,0.32525256276130676,False,1xVR-fgAAAAJ,Dhiyan Septa Wihara
1xVR-fgAAAAJ,6ifThF0AAAAJ,0.9746332764625549,0.3907429277896881,False,1xVR-fgAAAAJ,Ika Diyah Candra Arifah
-BuJoD0AAAAJ,4VXQFKYAAAAJ,0.9735682606697083,0.4007440209388733,False,Ratih Amelia,Renny Sari Dewi
Thp8jg0AAAAJ,fkxhjZ4AAAAJ,0.973379373550415,0.4944038689136505,False,Dodik Arwin Dermawan,Ronggo Alit
4Yhmpg0AAAAJ,Thp8jg0AAAAJ,0.9731893539428711,0.3365658223628998,False,Hujjatullah Fazlurrahman,Dodik Arwin Dermawan
34CwHgkAAAAJ,fkxhjZ4AAAAJ,0.973188579082489,0.4997154772281647,False,Riza Akhsani Setyo Prayoga,Ronggo Alit
Thp8jg0AAAAJ,WdhKN0sAAAAJ,0.9730058312416077,0.5058953166007996,False,Dodik Arwin Dermawan,Aditya Prapanca
-BuJoD0AAAAJ,1xVR-fgAAAAJ,0.9728718400001526,0.34391212463378906,False,Ratih Amelia,1xVR-fgAAAAJ
_VFGVQQAAAAJ,i0pkJZoAAAAJ,0.9726706147193909,0.26073941588401794,False,Berlian Maulidya Izzati,Yuni Rosita Dewi
Hl6bqU8AAAAJ,eEtHoOAAAAAJ,0.9723526835441589,0.40685412287712097,False,Rindu Puspita Wibawa,Rahadian Bisma
IJIEntMAAAAJ,WdhKN0sAAAAJ,0.9723514318466187,0.47618672251701355,False,Yeni Anistyasari,Aditya Prapanca
Hl6bqU8AAAAJ,cPj-iOIAAAAJ,0.9723461270332336,0.467819482088089,False,Rindu Puspita Wibawa,Ricky Eka Putra
b81qaDkAAAAJ,itwnm-AAAAAJ,0.9720173478126526,0.4100627601146698,False,Anita Safitri,Achmad Fitro
DrE0Lf8AAAAJ,itwnm-AAAAAJ,0.9718390107154846,0.3547969460487366,False,Fresha Kharisma,Achmad Fitro
4d_6xxEAAAAJ,qtFw9UMAAAAJ,0.9715968370437622,0.3513328731060028,False,Ghea Sekar Palupi,Bambang Sujatmiko
6ifThF0AAAAJ,itwnm-AAAAAJ,0.9715595245361328,0.40963423252105713,False,Ika Diyah Candra Arifah,Achmad Fitro
_VFGVQQAAAAJ,n7ykK-IAAAAJ,0.9714815616607666,0.2735931873321533,False,Berlian Maulidya Izzati,Dhiyan Septa Wihara
dfwr-2YAAAAJ,itwnm-AAAAAJ,0.971318781375885,0.368346244096756,False,Muhammad Fajar Wahyudi Rahman,Achmad Fitro
4VXQFKYAAAAJ,DsVi_OAAAAAJ,0.9710872173309326,0.3619237542152405,False,Renny Sari Dewi,Nadia Nur Thahirrah
4VXQFKYAAAAJ,dfwr-2YAAAAJ,0.9707684516906738,0.38644322752952576,False,Renny Sari Dewi,Muhammad Fajar Wahyudi Rahman
DsVi_OAAAAAJ,itwnm-AAAAAJ,0.9706849455833435,0.34138739109039307,False,Nadia Nur Thahirrah,Achmad Fitro
-BuJoD0AAAAJ,itwnm-AAAAAJ,0.9705362915992737,0.37061524391174316,False,Ratih Amelia,Achmad Fitro
bTjH6IgAAAAJ,itwnm-AAAAAJ,0.9702248573303223,0.376347154378891,False,Achmad Kautsar,Achmad Fitro
Hl6bqU8AAAAJ,WdhKN0sAAAAJ,0.9699559807777405,0.4298290014266968,False,Rindu Puspita Wibawa,Aditya Prapanca
Thp8jg0AAAAJ,W7ncZRgAAAAJ,0.9694417715072632,0.3442530333995819,False,Dodik Arwin Dermawan,Hafid Kholidi Hadi
nbtuM4IAAAAJ,z7RWDi0AAAAJ,0.9692221283912659,0.44380703568458557,False,Parama Diptya Widayaka,Tri Rijanto
CxdwNaYAAAAJ,RvG7jG4AAAAJ,0.9691759943962097,0.47185415029525757,False,Wiyli Yustanti,I Made Suartana
itwnm-AAAAAJ,n7ykK-IAAAAJ,0.9691693186759949,0.330741286277771,False,Achmad Fitro,Dhiyan Septa Wihara
TB0QfMoAAAAJ,nbtuM4IAAAAJ,0.9688774943351746,0.5115683078765869,False,Miftahur Rohman,Parama Diptya Widayaka
Em3aIV0AAAAJ,ZBAnb64AAAAJ,0.9687741994857788,0.3808104693889618,False,Ramadhan Cakra Wibawa,Ardhini Warih Utami
Thp8jg0AAAAJ,dfwr-2YAAAAJ,0.9686117768287659,0.3845183551311493,False,Dodik Arwin Dermawan,Muhammad Fajar Wahyudi Rahman
i0pkJZoAAAAJ,itwnm-AAAAAJ,0.968605637550354,0.39334404468536377,False,Yuni Rosita Dewi,Achmad Fitro
1xVR-fgAAAAJ,i0pkJZoAAAAJ,0.9684181213378906,0.3126967251300812,False,1xVR-fgAAAAJ,Yuni Rosita Dewi
RES4QIQAAAAJ,yObeL8gAAAAJ,0.9667018055915833,0.43585458397865295,False,Arif Widodo,I Gusti Putu Asto Buditjahjanto
_VFGVQQAAAAJ,bTjH6IgAAAAJ,0.9665201306343079,0.233334019780159,False,Berlian Maulidya Izzati,Achmad Kautsar
6RBIukkAAAAJ,MZCJPuIAAAAJ,0.9663944244384766,0.3829670250415802,False,Yatim Riyanto,Fajar Arianto
CxdwNaYAAAAJ,Em3aIV0AAAAJ,0.9657424688339233,0.4221515953540802,False,Wiyli Yustanti,Ramadhan Cakra Wibawa
AYI1rosAAAAJ,RES4QIQAAAAJ,0.9649792313575745,0.4981239140033722,False,Nurhayati,Arif Widodo
7EQjv9wAAAAJ,cPj-iOIAAAAJ,0.9645574688911438,0.37619540095329285,False,Asmunin,Ricky Eka Putra
4VXQFKYAAAAJ,itwnm-AAAAAJ,0.964509904384613,0.4217297434806824,False,Renny Sari Dewi,Achmad Fitro
Em3aIV0AAAAJ,N6RJilIAAAAJ,0.9643452763557434,0.39539065957069397,False,Ramadhan Cakra Wibawa,Anita Qoiriah
psg8hdoAAAAJ,qtFw9UMAAAAJ,0.9643405079841614,0.3284682035446167,False,Bonda Sisephaputra,Bambang Sujatmiko
W7ncZRgAAAAJ,_VFGVQQAAAAJ,0.9641477465629578,0.2253410965204239,False,Hafid Kholidi Hadi,Berlian Maulidya Izzati
WdhKN0sAAAAJ,nWPONc8AAAAJ,0.9639356732368469,0.4648670554161072,False,Aditya Prapanca,Lusia Rakhmawati
EBgY5K0AAAAJ,i0pkJZoAAAAJ,0.9633704423904419,0.3539074659347534,False,Moch. Badrus Oleh,Yuni Rosita Dewi
_VFGVQQAAAAJ,b81qaDkAAAAJ,0.9631861448287964,0.19546464085578918,False,Berlian Maulidya Izzati,Anita Safitri
Em3aIV0AAAAJ,OffRzhoAAAAJ,0.9631302356719971,0.3416837155818939,False,Ramadhan Cakra Wibawa,Dwi Fatrianto Suyatno
7EQjv9wAAAAJ,Em3aIV0AAAAJ,0.9631253480911255,0.3770870566368103,False,Asmunin,Ramadhan Cakra Wibawa
FZ00CQ8AAAAJ,fkxhjZ4AAAAJ,0.9630466103553772,0.43639352917671204,False,Rizky Basatha,Ronggo Alit
IJIEntMAAAAJ,yObeL8gAAAAJ,0.9630011916160583,0.3674139976501465,False,Yeni Anistyasari,I Gusti Putu Asto Buditjahjanto
Hl6bqU8AAAAJ,Thp8jg0AAAAJ,0.9628194570541382,0.4084829092025757,False,Rindu Puspita Wibawa,Dodik Arwin Dermawan
6ifThF0AAAAJ,_VFGVQQAAAAJ,0.9627271890640259,0.24339811503887177,False,Ika Diyah Candra Arifah,Berlian Maulidya Izzati
XdEn69YAAAAJ,fkxhjZ4AAAAJ,0.9623081684112549,0.3864709734916687,False,Cendra Devayana Putra,Ronggo Alit
RES4QIQAAAAJ,S6IJ51cAAAAJ,0.9622695446014404,0.47457894682884216,False,Arif Widodo,Unit Three Kartini
Thp8jg0AAAAJ,hn5jrnAAAAAJ,0.9622243046760559,0.4222671389579773,False,Dodik Arwin Dermawan,Yuni Yamasari
IJIEntMAAAAJ,hjllQ9gAAAAJ,0.9621789455413818,0.3828427195549011,False,Yeni Anistyasari,Nur Kholis
nWPONc8AAAAJ,nbtuM4IAAAAJ,0.9620388150215149,0.4733729064464569,False,Lusia Rakhmawati,Parama Diptya Widayaka
AYI1rosAAAAJ,S6IJ51cAAAAJ,0.9615669250488281,0.5092694759368896,False,Nurhayati,Unit Three Kartini
LsydBAMAAAAJ,S6IJ51cAAAAJ,0.9614717364311218,0.458749383687973,False,Puput Wanarti Rusimamto,Unit Three Kartini
7EQjv9wAAAAJ,CxdwNaYAAAAJ,0.9613710045814514,0.3502439856529236,False,Asmunin,Wiyli Yustanti
TB0QfMoAAAAJ,z7RWDi0AAAAJ,0.9608686566352844,0.32651057839393616,False,Miftahur Rohman,Tri Rijanto
4Yhmpg0AAAAJ,_VFGVQQAAAAJ,0.9605273604393005,0.21458831429481506,False,Hujjatullah Fazlurrahman,Berlian Maulidya Izzati
eEtHoOAAAAAJ,qtFw9UMAAAAJ,0.960399329662323,0.2690110206604004,False,Rahadian Bisma,Bambang Sujatmiko
4d_6xxEAAAAJ,OffRzhoAAAAJ,0.9603346586227417,0.32003253698349,False,Ghea Sekar Palupi,Dwi Fatrianto Suyatno
Em3aIV0AAAAJ,qtFw9UMAAAAJ,0.9601631164550781,0.31488630175590515,False,Ramadhan Cakra Wibawa,Bambang Sujatmiko
-BuJoD0AAAAJ,34CwHgkAAAAJ,0.9599426984786987,0.30414068698883057,False,Ratih Amelia,Riza Akhsani Setyo Prayoga
_n2j0ZAAAAAJ,eEtHoOAAAAAJ,0.9598559141159058,0.3164016902446747,False,I Gusti Lanang Putra Eka Prismana,Rahadian Bisma
EBgY5K0AAAAJ,n7ykK-IAAAAJ,0.9595776796340942,0.317245751619339,False,Moch. Badrus Oleh,Dhiyan Septa Wihara
7EQjv9wAAAAJ,hn5jrnAAAAAJ,0.9595558643341064,0.34583258628845215,False,Asmunin,Yuni Yamasari
DrE0Lf8AAAAJ,_VFGVQQAAAAJ,0.9590489268302917,0.2166169136762619,False,Fresha Kharisma,Berlian Maulidya Izzati
4d_6xxEAAAAJ,jPKU5cAAAAAJ,0.958798348903656,0.28464919328689575,False,Ghea Sekar Palupi,Anggraeni Widya Purwita
6f4j4TYAAAAJ,p1pK7E4AAAAJ,0.9587404727935791,0.36889100074768066,False,Mahendra Widyartono,Subuh Isnur Haryudo
Iq3gzh4AAAAJ,Smb2eg8AAAAJ,0.9587289690971375,0.293657124042511,False,Andi Mariono,Nanang Hoesen. H. A.
fkxhjZ4AAAAJ,qtFw9UMAAAAJ,0.9587152600288391,0.32343536615371704,False,Ronggo Alit,Bambang Sujatmiko
-BuJoD0AAAAJ,_VFGVQQAAAAJ,0.9585670232772827,0.23328234255313873,False,Ratih Amelia,Berlian Maulidya Izzati
AYI1rosAAAAJ,nbtuM4IAAAAJ,0.9583284258842468,0.5018930435180664,False,Nurhayati,Parama Diptya Widayaka
XdEn69YAAAAJ,bTjH6IgAAAAJ,0.9580702185630798,0.3249783515930176,False,Cendra Devayana Putra,Achmad Kautsar
cPj-iOIAAAAJ,wlGfsB0AAAAJ,0.9579747319221497,0.3914860486984253,False,Ricky Eka Putra,Salamun Rohman Nudin
TAAC1-AAAAAJ,hn5jrnAAAAAJ,0.9577319025993347,0.3780425190925598,False,I Gde Agung Sri Sidhimantra,Yuni Yamasari
L6O1lvkAAAAJ,hjllQ9gAAAAJ,0.9572349786758423,0.32791686058044434,False,Tri Wrahatnolo,Nur Kholis
cY1QGVEAAAAJ,psg8hdoAAAAJ,0.9571100473403931,0.3582392632961273,False,Muhammad Sonhaji Akbar,Bonda Sisephaputra
cPj-iOIAAAAJ,qtFw9UMAAAAJ,0.95682293176651,0.3387853801250458,False,Ricky Eka Putra,Bambang Sujatmiko
1xVR-fgAAAAJ,4VXQFKYAAAAJ,0.956784725189209,0.328299880027771,False,1xVR-fgAAAAJ,Renny Sari Dewi
DsVi_OAAAAAJ,Thp8jg0AAAAJ,0.9567350745201111,0.24233563244342804,False,Nadia Nur Thahirrah,Dodik Arwin Dermawan
34CwHgkAAAAJ,Thp8jg0AAAAJ,0.9565789103507996,0.41313666105270386,False,Riza Akhsani Setyo Prayoga,Dodik Arwin Dermawan
8wFXNjYAAAAJ,nyyfjCgAAAAJ,0.9564730525016785,0.46051910519599915,False,Naim Rochmawati,Rifqi Abdillah
LsydBAMAAAAJ,TB0QfMoAAAAJ,0.9563314914703369,0.4171139895915985,False,Puput Wanarti Rusimamto,Miftahur Rohman
4VXQFKYAAAAJ,Thp8jg0AAAAJ,0.9563133120536804,0.30532708764076233,False,Renny Sari Dewi,Dodik Arwin Dermawan
eEtHoOAAAAAJ,fkxhjZ4AAAAJ,0.9562656283378601,0.31230342388153076,False,Rahadian Bisma,Ronggo Alit
6f4j4TYAAAAJ,hjllQ9gAAAAJ,0.9558717608451843,0.36385950446128845,False,Mahendra Widyartono,Nur Kholis
4Yhmpg0AAAAJ,5nAJx9wAAAAJ,0.9557461738586426,0.2451048642396927,False,Hujjatullah Fazlurrahman,Muhammad Fachmi
6RBIukkAAAAJ,zDgqPOsAAAAJ,0.9553862810134888,0.3096870481967926,False,Yatim Riyanto,Mustaji
A9L19RMAAAAJ,hjllQ9gAAAAJ,0.955161988735199,0.39532271027565,False,Pradini Puspitaningayu,Nur Kholis
8wFXNjYAAAAJ,IJIEntMAAAAJ,0.9551355838775635,0.4149072766304016,False,Naim Rochmawati,Yeni Anistyasari
Thp8jg0AAAAJ,XdEn69YAAAAJ,0.9546248316764832,0.3838728070259094,False,Dodik Arwin Dermawan,Cendra Devayana Putra
6MXDzBQAAAAJ,IJIEntMAAAAJ,0.9545939564704895,0.31906500458717346,False,Lilik Anifah,Yeni Anistyasari
RvG7jG4AAAAJ,ZBAnb64AAAAJ,0.9536035060882568,0.3216322064399719,False,I Made Suartana,Ardhini Warih Utami
cY1QGVEAAAAJ,fkxhjZ4AAAAJ,0.9530845284461975,0.37961527705192566,False,Muhammad Sonhaji Akbar,Ronggo Alit
1hm7MM8AAAAJ,z7RWDi0AAAAJ,0.9528540372848511,0.3420027792453766,False,Reza Rahmadian,Tri Rijanto
CxdwNaYAAAAJ,IJIEntMAAAAJ,0.9527572989463806,0.3693440854549408,False,Wiyli Yustanti,Yeni Anistyasari
BIrtbD8AAAAJ,tzjThtIAAAAJ,0.9525952339172363,0.5517516732215881,False,Ibnu Febry Kurniawan,Elly Matul Imah
TB0QfMoAAAAJ,WdhKN0sAAAAJ,0.9524137377738953,0.3132941722869873,False,Miftahur Rohman,Aditya Prapanca
Hl6bqU8AAAAJ,OffRzhoAAAAJ,0.9523300528526306,0.31297582387924194,False,Rindu Puspita Wibawa,Dwi Fatrianto Suyatno
Hl6bqU8AAAAJ,ZBAnb64AAAAJ,0.9522346258163452,0.29677873849868774,False,Rindu Puspita Wibawa,Ardhini Warih Utami
TAAC1-AAAAAJ,bTjH6IgAAAAJ,0.9517033100128174,0.374989777803421,False,I Gde Agung Sri Sidhimantra,Achmad Kautsar
Em3aIV0AAAAJ,Jzuk6doAAAAJ,0.9507414698600769,0.30152708292007446,False,Ramadhan Cakra Wibawa,Aries Dwi Indriyanti
Thp8jg0AAAAJ,i0pkJZoAAAAJ,0.9504199624061584,0.3012121021747589,False,Dodik Arwin Dermawan,Yuni Rosita Dewi
YADiqesAAAAJ,yObeL8gAAAAJ,0.9499561786651611,0.3101257085800171,False,Ekohariadi,I Gusti Putu Asto Buditjahjanto
Em3aIV0AAAAJ,wlGfsB0AAAAJ,0.9499487280845642,0.37631598114967346,False,Ramadhan Cakra Wibawa,Salamun Rohman Nudin
Em3aIV0AAAAJ,psg8hdoAAAAJ,0.9498618245124817,0.2552129626274109,False,Ramadhan Cakra Wibawa,Bonda Sisephaputra
6f4j4TYAAAAJ,LsydBAMAAAAJ,0.9496973156929016,0.34089064598083496,False,Mahendra Widyartono,Puput Wanarti Rusimamto
CxdwNaYAAAAJ,qtFw9UMAAAAJ,0.9496790170669556,0.3119170069694519,False,Wiyli Yustanti,Bambang Sujatmiko
IJIEntMAAAAJ,nWPONc8AAAAJ,0.9487114548683167,0.39154598116874695,False,Yeni Anistyasari,Lusia Rakhmawati
CxdwNaYAAAAJ,fkxhjZ4AAAAJ,0.948614239692688,0.3398052155971527,False,Wiyli Yustanti,Ronggo Alit
RvG7jG4AAAAJ,wlGfsB0AAAAJ,0.9478803277015686,0.36040356755256653,False,I Made Suartana,Salamun Rohman Nudin
TAAC1-AAAAAJ,cPj-iOIAAAAJ,0.9478647708892822,0.4100375175476074,False,I Gde Agung Sri Sidhimantra,Ricky Eka Putra
_VFGVQQAAAAJ,dfwr-2YAAAAJ,0.9476351141929626,0.1760951727628708,False,Berlian Maulidya Izzati,Muhammad Fajar Wahyudi Rahman
Thp8jg0AAAAJ,n7ykK-IAAAAJ,0.9475132822990417,0.2544266879558563,False,Dodik Arwin Dermawan,Dhiyan Septa Wihara
Iq3gzh4AAAAJ,Thp8jg0AAAAJ,0.9472018480300903,0.29770350456237793,False,Andi Mariono,Dodik Arwin Dermawan
BIrtbD8AAAAJ,DiBTIz4AAAAJ,0.9468292593955994,0.5482838749885559,False,Ibnu Febry Kurniawan,Riskyana Dewi Intan P
7EQjv9wAAAAJ,N6RJilIAAAAJ,0.9465314149856567,0.27811485528945923,False,Asmunin,Anita Qoiriah
N40Vh64AAAAJ,b4_EdJYAAAAJ,0.9463725090026855,0.30478987097740173,False,Raden Roro Hapsari Peni Agustin T,Moh. Khoridatul Huda
EBgY5K0AAAAJ,b81qaDkAAAAJ,0.9462774991989136,0.3124837279319763,False,Moch. Badrus Oleh,Anita Safitri
-BuJoD0AAAAJ,TAAC1-AAAAAJ,0.9462321400642395,0.3130438029766083,False,Ratih Amelia,I Gde Agung Sri Sidhimantra
-_VNTSIAAAAJ,cPj-iOIAAAAJ,0.9461755752563477,0.28389593958854675,False,Agus Prihanto,Ricky Eka Putra
Jzuk6doAAAAJ,N6RJilIAAAAJ,0.9461415410041809,0.302619069814682,False,Aries Dwi Indriyanti,Anita Qoiriah
VwvPnrcAAAAJ,jPKU5cAAAAAJ,0.9458726644515991,0.19081014394760132,False,Nisa Dwi Septiyanti,Anggraeni Widya Purwita
34CwHgkAAAAJ,JsEkeOsAAAAJ,0.9458499550819397,0.27127090096473694,False,Riza Akhsani Setyo Prayoga,Ari Kurniawan
_n2j0ZAAAAAJ,fkxhjZ4AAAAJ,0.945802628993988,0.26844117045402527,False,I Gusti Lanang Putra Eka Prismana,Ronggo Alit
OffRzhoAAAAJ,wlGfsB0AAAAJ,0.9455555081367493,0.3247795104980469,False,Dwi Fatrianto Suyatno,Salamun Rohman Nudin
CxdwNaYAAAAJ,nyyfjCgAAAAJ,0.9454285502433777,0.4080972969532013,False,Wiyli Yustanti,Rifqi Abdillah
DsVi_OAAAAAJ,_VFGVQQAAAAJ,0.9453062415122986,0.2128480225801468,False,Nadia Nur Thahirrah,Berlian Maulidya Izzati
TAAC1-AAAAAJ,fkxhjZ4AAAAJ,0.9449254870414734,0.3886093199253082,False,I Gde Agung Sri Sidhimantra,Ronggo Alit
Jzuk6doAAAAJ,cPj-iOIAAAAJ,0.9448332786560059,0.3110322058200836,False,Aries Dwi Indriyanti,Ricky Eka Putra
A9L19RMAAAAJ,Tp_X_bYAAAAJ,0.9446502923965454,0.3880765438079834,False,Pradini Puspitaningayu,Farid Baskoro
cPj-iOIAAAAJ,nWPONc8AAAAJ,0.9445887207984924,0.3917171061038971,False,Ricky Eka Putra,Lusia Rakhmawati
Hl6bqU8AAAAJ,jPKU5cAAAAAJ,0.9444390535354614,0.2345322221517563,False,Rindu Puspita Wibawa,Anggraeni Widya Purwita
CxdwNaYAAAAJ,pb3-UjwAAAAJ,0.9444324970245361,0.3503097891807556,False,Wiyli Yustanti,Moch Deny Pratama
fkxhjZ4AAAAJ,hn5jrnAAAAAJ,0.944169819355011,0.36787107586860657,False,Ronggo Alit,Yuni Yamasari
b4_EdJYAAAAJ,lFCI_vsAAAAJ,0.9441500306129456,0.3259711265563965,False,Moh. Khoridatul Huda,Atik Wintarti
4d_6xxEAAAAJ,7EQjv9wAAAAJ,0.9431913495063782,0.33100906014442444,False,Ghea Sekar Palupi,Asmunin
Em3aIV0AAAAJ,_n2j0ZAAAAAJ,0.9430665373802185,0.28936249017715454,False,Ramadhan Cakra Wibawa,I Gusti Lanang Putra Eka Prismana
nWPONc8AAAAJ,yObeL8gAAAAJ,0.9428372979164124,0.339874804019928,False,Lusia Rakhmawati,I Gusti Putu Asto Buditjahjanto
RES4QIQAAAAJ,TB0QfMoAAAAJ,0.9428366422653198,0.3973369598388672,False,Arif Widodo,Miftahur Rohman
7EQjv9wAAAAJ,fkxhjZ4AAAAJ,0.9425409436225891,0.29573410749435425,False,Asmunin,Ronggo Alit
EBgY5K0AAAAJ,Smb2eg8AAAAJ,0.9420362710952759,0.3079599440097809,False,Moch. Badrus Oleh,Nanang Hoesen. H. A.
hjllQ9gAAAAJ,lmlBHlsAAAAJ,0.9414145350456238,0.3573402762413025,False,Nur Kholis,Widi Aribowo
Iq3gzh4AAAAJ,lFCI_vsAAAAJ,0.9413930177688599,0.27080410718917847,False,Andi Mariono,Atik Wintarti
MZCJPuIAAAAJ,z7RWDi0AAAAJ,0.9411970376968384,0.3648475408554077,False,Fajar Arianto,Tri Rijanto
TAAC1-AAAAAJ,WdhKN0sAAAAJ,0.9407708644866943,0.3758293688297272,False,I Gde Agung Sri Sidhimantra,Aditya Prapanca
7EQjv9wAAAAJ,eEtHoOAAAAAJ,0.9406902194023132,0.3131371736526489,False,Asmunin,Rahadian Bisma
IJIEntMAAAAJ,ZhJ08JkAAAAJ,0.9406711459159851,0.31295549869537354,False,Yeni Anistyasari,Bachtiar Syaiful Bachri
Smb2eg8AAAAJ,_VFGVQQAAAAJ,0.9405555725097656,0.18067680299282074,False,Nanang Hoesen. H. A.,Berlian Maulidya Izzati
IJIEntMAAAAJ,fkxhjZ4AAAAJ,0.9403300285339355,0.2625574469566345,False,Yeni Anistyasari,Ronggo Alit
AjvtBWIAAAAJ,b4_EdJYAAAAJ,0.9403249621391296,0.24929644167423248,False,Siti Masitoh,Moh. Khoridatul Huda
AaC4eAwAAAAJ,q-sbahIAAAAJ,0.9401758313179016,0.5092558264732361,False,Fadhilah Qalbi Annisa,Ulfa Siti Nuraini
DiBTIz4AAAAJ,q-sbahIAAAAJ,0.940129280090332,0.5063327550888062,False,Riskyana Dewi Intan P,Ulfa Siti Nuraini
34CwHgkAAAAJ,b81qaDkAAAAJ,0.9399572610855103,0.33504676818847656,False,Riza Akhsani Setyo Prayoga,Anita Safitri
bTjH6IgAAAAJ,fkxhjZ4AAAAJ,0.9398586750030518,0.2544523775577545,False,Achmad Kautsar,Ronggo Alit
IJIEntMAAAAJ,j8HRV1wAAAAJ,0.9397544264793396,0.3022228181362152,False,Yeni Anistyasari,Bambang Suprianto
MZCJPuIAAAAJ,b4_EdJYAAAAJ,0.9394673109054565,0.25170430541038513,False,Fajar Arianto,Moh. Khoridatul Huda
Hl6bqU8AAAAJ,N6RJilIAAAAJ,0.9392878413200378,0.32493776082992554,False,Rindu Puspita Wibawa,Anita Qoiriah
RvG7jG4AAAAJ,pb3-UjwAAAAJ,0.9390377402305603,0.26870423555374146,False,I Made Suartana,Moch Deny Pratama
FZ00CQ8AAAAJ,psg8hdoAAAAJ,0.9389664530754089,0.2769501805305481,False,Rizky Basatha,Bonda Sisephaputra
6f4j4TYAAAAJ,j8HRV1wAAAAJ,0.9387402534484863,0.3391125500202179,False,Mahendra Widyartono,Bambang Suprianto
7EQjv9wAAAAJ,RvG7jG4AAAAJ,0.938562273979187,0.34034040570259094,False,Asmunin,I Made Suartana
WdhKN0sAAAAJ,qtFw9UMAAAAJ,0.9381494522094727,0.2538454830646515,False,Aditya Prapanca,Bambang Sujatmiko
1hm7MM8AAAAJ,6MXDzBQAAAAJ,0.9380123615264893,0.3659408986568451,False,Reza Rahmadian,Lilik Anifah
_n2j0ZAAAAAJ,cY1QGVEAAAAJ,0.9372954964637756,0.26652827858924866,False,I Gusti Lanang Putra Eka Prismana,Muhammad Sonhaji Akbar
CxdwNaYAAAAJ,eEtHoOAAAAAJ,0.9369603395462036,0.2503229081630707,False,Wiyli Yustanti,Rahadian Bisma
Smb2eg8AAAAJ,TAAC1-AAAAAJ,0.9367061257362366,0.2828325033187866,False,Nanang Hoesen. H. A.,I Gde Agung Sri Sidhimantra
LsydBAMAAAAJ,WdhKN0sAAAAJ,0.9363242983818054,0.31469011306762695,False,Puput Wanarti Rusimamto,Aditya Prapanca
CxdwNaYAAAAJ,Thp8jg0AAAAJ,0.9362890720367432,0.37008973956108093,False,Wiyli Yustanti,Dodik Arwin Dermawan
Hl6bqU8AAAAJ,RvG7jG4AAAAJ,0.9359121918678284,0.3405929207801819,False,Rindu Puspita Wibawa,I Made Suartana
7EQjv9wAAAAJ,Jzuk6doAAAAJ,0.9358204007148743,0.2567056715488434,False,Asmunin,Aries Dwi Indriyanti
ZBAnb64AAAAJ,qtFw9UMAAAAJ,0.935347318649292,0.2118319720029831,False,Ardhini Warih Utami,Bambang Sujatmiko
EBgY5K0AAAAJ,itwnm-AAAAAJ,0.9350593090057373,0.3581579625606537,False,Moch. Badrus Oleh,Achmad Fitro
nWPONc8AAAAJ,nyyfjCgAAAAJ,0.9348795413970947,0.39115744829177856,False,Lusia Rakhmawati,Rifqi Abdillah
MnI3Tm0AAAAJ,sHANI1gAAAAJ,0.9348494410514832,0.3103140890598297,False,Sayyidul Aulia Alamsyah,Rifqi Firmansyah
b81qaDkAAAAJ,fkxhjZ4AAAAJ,0.9348130226135254,0.26022616028785706,False,Anita Safitri,Ronggo Alit
Iq3gzh4AAAAJ,MZCJPuIAAAAJ,0.9814425110816956,0.6558699011802673,True,Andi Mariono,Fajar Arianto
b81qaDkAAAAJ,dfwr-2YAAAAJ,0.980972409248352,0.5516428351402283,True,Anita Safitri,Muhammad Fajar Wahyudi Rahman
b81qaDkAAAAJ,bTjH6IgAAAAJ,0.9809443950653076,0.5843144655227661,True,Anita Safitri,Achmad Kautsar
dfwr-2YAAAAJ,n7ykK-IAAAAJ,0.9808943867683411,0.47039327025413513,True,Muhammad Fajar Wahyudi Rahman,Dhiyan Septa Wihara
Smb2eg8AAAAJ,b81qaDkAAAAJ,0.9808893799781799,0.5799312591552734,True,Nanang Hoesen. H. A.,Anita Safitri
W7ncZRgAAAAJ,b81qaDkAAAAJ,0.980887770652771,0.5289446711540222,True,Hafid Kholidi Hadi,Anita Safitri
W7ncZRgAAAAJ,dfwr-2YAAAAJ,0.9808485507965088,0.5336864590644836,True,Hafid Kholidi Hadi,Muhammad Fajar Wahyudi Rahman
-BuJoD0AAAAJ,b81qaDkAAAAJ,0.9808354377746582,0.5337505340576172,True,Ratih Amelia,Anita Safitri
AjvtBWIAAAAJ,Iq3gzh4AAAAJ,0.9807743430137634,0.6120672225952148,True,Siti Masitoh,Andi Mariono
AjvtBWIAAAAJ,MZCJPuIAAAAJ,0.9807645678520203,0.6008455753326416,True,Siti Masitoh,Fajar Arianto
6ifThF0AAAAJ,Smb2eg8AAAAJ,0.9807441830635071,0.5542219281196594,True,Ika Diyah Candra Arifah,Nanang Hoesen. H. A.
bTjH6IgAAAAJ,dfwr-2YAAAAJ,0.9807296395301819,0.5523340702056885,True,Achmad Kautsar,Muhammad Fajar Wahyudi Rahman
DrE0Lf8AAAAJ,Smb2eg8AAAAJ,0.9807294011116028,0.5322917103767395,True,Fresha Kharisma,Nanang Hoesen. H. A.
6ifThF0AAAAJ,W7ncZRgAAAAJ,0.9807146191596985,0.5466333627700806,True,Ika Diyah Candra Arifah,Hafid Kholidi Hadi
DrE0Lf8AAAAJ,dfwr-2YAAAAJ,0.9807039499282837,0.5080093145370483,True,Fresha Kharisma,Muhammad Fajar Wahyudi Rahman
DrE0Lf8AAAAJ,b81qaDkAAAAJ,0.9806936383247375,0.5217952132225037,True,Fresha Kharisma,Anita Safitri
-BuJoD0AAAAJ,dfwr-2YAAAAJ,0.9806807637214661,0.5020032525062561,True,Ratih Amelia,Muhammad Fajar Wahyudi Rahman
6ifThF0AAAAJ,b81qaDkAAAAJ,0.980637788772583,0.553452730178833,True,Ika Diyah Candra Arifah,Anita Safitri
4Yhmpg0AAAAJ,n7ykK-IAAAAJ,0.9806244969367981,0.4639056921005249,True,Hujjatullah Fazlurrahman,Dhiyan Septa Wihara
W7ncZRgAAAAJ,n7ykK-IAAAAJ,0.9805902242660522,0.5023044943809509,True,Hafid Kholidi Hadi,Dhiyan Septa Wihara
DrE0Lf8AAAAJ,W7ncZRgAAAAJ,0.9805770516395569,0.5466815829277039,True,Fresha Kharisma,Hafid Kholidi Hadi
Smb2eg8AAAAJ,bTjH6IgAAAAJ,0.9805768132209778,0.564842164516449,True,Nanang Hoesen. H. A.,Achmad Kautsar
Smb2eg8AAAAJ,dfwr-2YAAAAJ,0.9805734753608704,0.5479649901390076,True,Nanang Hoesen. H. A.,Muhammad Fajar Wahyudi Rahman
-BuJoD0AAAAJ,W7ncZRgAAAAJ,0.9805686473846436,0.5202658176422119,True,Ratih Amelia,Hafid Kholidi Hadi
Smb2eg8AAAAJ,W7ncZRgAAAAJ,0.9805589318275452,0.5268021821975708,True,Nanang Hoesen. H. A.,Hafid Kholidi Hadi
W7ncZRgAAAAJ,bTjH6IgAAAAJ,0.9805545806884766,0.5705126523971558,True,Hafid Kholidi Hadi,Achmad Kautsar
4Yhmpg0AAAAJ,b81qaDkAAAAJ,0.9805458784103394,0.5114924311637878,True,Hujjatullah Fazlurrahman,Anita Safitri
-BuJoD0AAAAJ,bTjH6IgAAAAJ,0.9805402159690857,0.5670145153999329,True,Ratih Amelia,Achmad Kautsar
6ifThF0AAAAJ,bTjH6IgAAAAJ,0.9805158376693726,0.5954811573028564,True,Ika Diyah Candra Arifah,Achmad Kautsar
4Yhmpg0AAAAJ,dfwr-2YAAAAJ,0.9804766178131104,0.5221124291419983,True,Hujjatullah Fazlurrahman,Muhammad Fajar Wahyudi Rahman
DrE0Lf8AAAAJ,bTjH6IgAAAAJ,0.9804677963256836,0.5593294501304626,True,Fresha Kharisma,Achmad Kautsar
4Yhmpg0AAAAJ,Smb2eg8AAAAJ,0.9804236888885498,0.5065110325813293,True,Hujjatullah Fazlurrahman,Nanang Hoesen. H. A.
4Yhmpg0AAAAJ,W7ncZRgAAAAJ,0.9804070591926575,0.5340845584869385,True,Hujjatullah Fazlurrahman,Hafid Kholidi Hadi
DsVi_OAAAAAJ,dfwr-2YAAAAJ,0.980387270450592,0.462593674659729,True,Nadia Nur Thahirrah,Muhammad Fajar Wahyudi Rahman
6ifThF0AAAAJ,dfwr-2YAAAAJ,0.9803701639175415,0.5234506130218506,True,Ika Diyah Candra Arifah,Muhammad Fajar Wahyudi Rahman
Iq3gzh4AAAAJ,ZhJ08JkAAAAJ,0.9803661704063416,0.613231897354126,True,Andi Mariono,Bachtiar Syaiful Bachri
6ifThF0AAAAJ,DrE0Lf8AAAAJ,0.9803593158721924,0.5461652874946594,True,Ika Diyah Candra Arifah,Fresha Kharisma
4Yhmpg0AAAAJ,bTjH6IgAAAAJ,0.9802866578102112,0.5417596697807312,True,Hujjatullah Fazlurrahman,Achmad Kautsar
DrE0Lf8AAAAJ,n7ykK-IAAAAJ,0.9802830219268799,0.4820854663848877,True,Fresha Kharisma,Dhiyan Septa Wihara
b81qaDkAAAAJ,n7ykK-IAAAAJ,0.980252742767334,0.471161812543869,True,Anita Safitri,Dhiyan Septa Wihara
bTjH6IgAAAAJ,n7ykK-IAAAAJ,0.98023521900177,0.4826996922492981,True,Achmad Kautsar,Dhiyan Septa Wihara
DsVi_OAAAAAJ,W7ncZRgAAAAJ,0.980185866355896,0.47185903787612915,True,Nadia Nur Thahirrah,Hafid Kholidi Hadi
-BuJoD0AAAAJ,4Yhmpg0AAAAJ,0.9801554083824158,0.4968515932559967,True,Ratih Amelia,Hujjatullah Fazlurrahman
4Yhmpg0AAAAJ,DrE0Lf8AAAAJ,0.9801499247550964,0.5054003000259399,True,Hujjatullah Fazlurrahman,Fresha Kharisma
-BuJoD0AAAAJ,DrE0Lf8AAAAJ,0.9800747632980347,0.5376598834991455,True,Ratih Amelia,Fresha Kharisma
-BuJoD0AAAAJ,6ifThF0AAAAJ,0.9800606966018677,0.5704361200332642,True,Ratih Amelia,Ika Diyah Candra Arifah
-BuJoD0AAAAJ,n7ykK-IAAAAJ,0.9800563454627991,0.484962522983551,True,Ratih Amelia,Dhiyan Septa Wihara
DsVi_OAAAAAJ,n7ykK-IAAAAJ,0.9799466729164124,0.4519866406917572,True,Nadia Nur Thahirrah,Dhiyan Septa Wihara
W7ncZRgAAAAJ,i0pkJZoAAAAJ,0.9798673391342163,0.4502887725830078,True,Hafid Kholidi Hadi,Yuni Rosita Dewi
MZCJPuIAAAAJ,ZhJ08JkAAAAJ,0.9798498153686523,0.607356071472168,True,Fajar Arianto,Bachtiar Syaiful Bachri
4Yhmpg0AAAAJ,6ifThF0AAAAJ,0.9797311425209045,0.526103675365448,True,Hujjatullah Fazlurrahman,Ika Diyah Candra Arifah
AjvtBWIAAAAJ,ZhJ08JkAAAAJ,0.9797196984291077,0.6077480912208557,True,Siti Masitoh,Bachtiar Syaiful Bachri
DsVi_OAAAAAJ,bTjH6IgAAAAJ,0.9795716404914856,0.47610461711883545,True,Nadia Nur Thahirrah,Achmad Kautsar
DrE0Lf8AAAAJ,DsVi_OAAAAAJ,0.9795594215393066,0.4937984049320221,True,Fresha Kharisma,Nadia Nur Thahirrah
Iq3gzh4AAAAJ,zDgqPOsAAAAJ,0.9794769883155823,0.5490726828575134,True,Andi Mariono,Mustaji
DsVi_OAAAAAJ,b81qaDkAAAAJ,0.9794451594352722,0.43071863055229187,True,Nadia Nur Thahirrah,Anita Safitri
N6RJilIAAAAJ,hn5jrnAAAAAJ,0.9793537855148315,0.6616330742835999,True,Anita Qoiriah,Yuni Yamasari
CxdwNaYAAAAJ,hn5jrnAAAAAJ,0.9792674779891968,0.655856728553772,True,Wiyli Yustanti,Yuni Yamasari
6ifThF0AAAAJ,DsVi_OAAAAAJ,0.9791476726531982,0.46780651807785034,True,Ika Diyah Candra Arifah,Nadia Nur Thahirrah
4Yhmpg0AAAAJ,i0pkJZoAAAAJ,0.9790428876876831,0.4438062012195587,True,Hujjatullah Fazlurrahman,Yuni Rosita Dewi
cPj-iOIAAAAJ,hn5jrnAAAAAJ,0.9789825677871704,0.6312006711959839,True,Ricky Eka Putra,Yuni Yamasari
bTjH6IgAAAAJ,i0pkJZoAAAAJ,0.9789822101593018,0.44948628544807434,True,Achmad Kautsar,Yuni Rosita Dewi
DrE0Lf8AAAAJ,i0pkJZoAAAAJ,0.9789305925369263,0.4433598220348358,True,Fresha Kharisma,Yuni Rosita Dewi
-BuJoD0AAAAJ,DsVi_OAAAAAJ,0.9788568019866943,0.48350274562835693,True,Ratih Amelia,Nadia Nur Thahirrah
6ifThF0AAAAJ,i0pkJZoAAAAJ,0.9787954688072205,0.46459251642227173,True,Ika Diyah Candra Arifah,Yuni Rosita Dewi
MZCJPuIAAAAJ,zDgqPOsAAAAJ,0.9787745475769043,0.5541468262672424,True,Fajar Arianto,Mustaji
b81qaDkAAAAJ,i0pkJZoAAAAJ,0.9784854054450989,0.45045435428619385,True,Anita Safitri,Yuni Rosita Dewi
8wFXNjYAAAAJ,hn5jrnAAAAAJ,0.9784203171730042,0.6385579705238342,True,Naim Rochmawati,Yuni Yamasari
CxdwNaYAAAAJ,N6RJilIAAAAJ,0.9782845377922058,0.5934521555900574,True,Wiyli Yustanti,Anita Qoiriah
CxdwNaYAAAAJ,cPj-iOIAAAAJ,0.9782713055610657,0.637798011302948,True,Wiyli Yustanti,Ricky Eka Putra
hjllQ9gAAAAJ,p1pK7E4AAAAJ,0.9782142639160156,0.6016696095466614,True,Nur Kholis,Subuh Isnur Haryudo
CxdwNaYAAAAJ,WdhKN0sAAAAJ,0.9781216382980347,0.597484290599823,True,Wiyli Yustanti,Aditya Prapanca
WdhKN0sAAAAJ,hn5jrnAAAAAJ,0.9779620170593262,0.6001639366149902,True,Aditya Prapanca,Yuni Yamasari
MZCJPuIAAAAJ,p4gdgRgAAAAJ,0.9779494404792786,0.5338303446769714,True,Fajar Arianto,Rusijono
ZhJ08JkAAAAJ,zDgqPOsAAAAJ,0.9777886271476746,0.5338337421417236,True,Bachtiar Syaiful Bachri,Mustaji
LsydBAMAAAAJ,p1pK7E4AAAAJ,0.9777694940567017,0.5905181169509888,True,Puput Wanarti Rusimamto,Subuh Isnur Haryudo
6MXDzBQAAAAJ,p1pK7E4AAAAJ,0.9776554107666016,0.5797320008277893,True,Lilik Anifah,Subuh Isnur Haryudo
j8HRV1wAAAAJ,p1pK7E4AAAAJ,0.9776001572608948,0.6025175452232361,True,Bambang Suprianto,Subuh Isnur Haryudo
Smb2eg8AAAAJ,Thp8jg0AAAAJ,0.9775853157043457,0.4688737988471985,True,Nanang Hoesen. H. A.,Dodik Arwin Dermawan
LsydBAMAAAAJ,hjllQ9gAAAAJ,0.9775814414024353,0.5726349949836731,True,Puput Wanarti Rusimamto,Nur Kholis
RvG7jG4AAAAJ,hn5jrnAAAAAJ,0.9775702953338623,0.4954336881637573,True,I Made Suartana,Yuni Yamasari
WdhKN0sAAAAJ,cPj-iOIAAAAJ,0.9775340557098389,0.6077368855476379,True,Aditya Prapanca,Ricky Eka Putra
8wFXNjYAAAAJ,N6RJilIAAAAJ,0.9774009585380554,0.6083100438117981,True,Naim Rochmawati,Anita Qoiriah
hjllQ9gAAAAJ,j8HRV1wAAAAJ,0.9773044586181641,0.5688881278038025,True,Nur Kholis,Bambang Suprianto
6MXDzBQAAAAJ,j8HRV1wAAAAJ,0.9771887063980103,0.6236895322799683,True,Lilik Anifah,Bambang Suprianto
p1pK7E4AAAAJ,z7RWDi0AAAAJ,0.9771302938461304,0.5078557133674622,True,Subuh Isnur Haryudo,Tri Rijanto
6ifThF0AAAAJ,Thp8jg0AAAAJ,0.9771174192428589,0.43550679087638855,True,Ika Diyah Candra Arifah,Dodik Arwin Dermawan
TAAC1-AAAAAJ,Thp8jg0AAAAJ,0.9770897030830383,0.5814958810806274,True,I Gde Agung Sri Sidhimantra,Dodik Arwin Dermawan
Thp8jg0AAAAJ,b81qaDkAAAAJ,0.9770030975341797,0.486868679523468,True,Dodik Arwin Dermawan,Anita Safitri
6MXDzBQAAAAJ,z7RWDi0AAAAJ,0.9769777059555054,0.5547245740890503,True,Lilik Anifah,Tri Rijanto
S6IJ51cAAAAJ,nbtuM4IAAAAJ,0.9768398404121399,0.62165367603302,True,Unit Three Kartini,Parama Diptya Widayaka
6MXDzBQAAAAJ,hjllQ9gAAAAJ,0.9767523407936096,0.5470515489578247,True,Lilik Anifah,Nur Kholis
8wFXNjYAAAAJ,CxdwNaYAAAAJ,0.9767201542854309,0.6280238032341003,True,Naim Rochmawati,Wiyli Yustanti
4d_6xxEAAAAJ,Hl6bqU8AAAAJ,0.9766792058944702,0.48199209570884705,True,Ghea Sekar Palupi,Rindu Puspita Wibawa
1xVR-fgAAAAJ,4Yhmpg0AAAAJ,0.9766712784767151,0.4024246633052826,True,1xVR-fgAAAAJ,Hujjatullah Fazlurrahman
LsydBAMAAAAJ,z7RWDi0AAAAJ,0.9765185713768005,0.49701976776123047,True,Puput Wanarti Rusimamto,Tri Rijanto
N6RJilIAAAAJ,cPj-iOIAAAAJ,0.976464033126831,0.5737882256507874,True,Anita Qoiriah,Ricky Eka Putra
Thp8jg0AAAAJ,bTjH6IgAAAAJ,0.9764348864555359,0.46741336584091187,True,Dodik Arwin Dermawan,Achmad Kautsar
6RBIukkAAAAJ,Iq3gzh4AAAAJ,0.976405143737793,0.4245776832103729,True,Yatim Riyanto,Andi Mariono
4VXQFKYAAAAJ,6ifThF0AAAAJ,0.9763935208320618,0.4662059545516968,True,Renny Sari Dewi,Ika Diyah Candra Arifah
