model,seed,auc,average_precision,hits_at_10,mrr,rmse,mae,best_val_auc,epochs_run,train_seconds,sec_per_epoch,peak_mem_mb,params
EvolveGCN-O (Temporal),42,0.6780187360902644,0.6901398560109715,0.2446043165467626,0.10928099462605707,0.21035754680633545,0.1615639477968216,0.6748097924538066,96,11.743856642999162,0.12233184003124127,110.4931640625,472962
EvolveGCN-O (Temporal),123,0.6646136328347394,0.6887135471906813,0.2949640287769784,0.14865270281107792,0.18576264381408691,0.1355125457048416,0.6796232079084933,81,10.00061357300001,0.12346436509876556,110.4931640625,472962
EvolveGCN-O (Temporal),2026,0.6889912530407328,0.7158153841917987,0.26618705035971224,0.16688535605444163,0.19826383888721466,0.14430765807628632,0.6811241654158688,71,8.292748678999487,0.11679927716900686,110.4931640625,472962
DySAT (Temporal),42,0.6828321515449511,0.6962027272607156,0.2805755395683453,0.11721473926120803,0.23152445256710052,0.1831335425376892,0.6797784793747735,88,13.344055372999719,0.1516369928749968,127.3427734375,491395
DySAT (Temporal),123,0.7117644014284975,0.7118497936530315,0.2733812949640288,0.11685742837565116,0.2341585010290146,0.18820638954639435,0.6903369390818279,111,17.303107650999664,0.15588385271170868,127.3427734375,491395
DySAT (Temporal),2026,0.6567465452098753,0.6788348806728546,0.23741007194244604,0.10440586146956693,0.22772859036922455,0.17621703445911407,0.6707209771750945,59,7.907716278999942,0.13402908947457529,127.3427734375,491395
ROLAND (Temporal),42,0.6690129910460121,0.6912196392612029,0.23741007194244604,0.13936543365957726,0.22253884375095367,0.1760992705821991,0.6799855079964806,121,18.924211288998777,0.15639844040494857,132.94921875,623746
ROLAND (Temporal),123,0.6685471766471714,0.6940615630778137,0.19424460431654678,0.14515462873944543,0.2369554042816162,0.19126881659030914,0.6834014802546452,76,11.194964843998605,0.14730216899998164,134.41162109375,623746
ROLAND (Temporal),2026,0.6568500595207287,0.6782627610834548,0.2805755395683453,0.10102420442290579,0.23514749109745026,0.1902807354927063,0.648931214740438,44,7.059618137998768,0.16044586677269929,134.41162109375,623746
TGN (Continuous-Time),42,0.6228456084053621,0.660535801711031,0.2446043165467626,0.11668525873566936,0.254106730222702,0.207707941532135,0.6304021530976659,81,26.35643812499984,0.32538812499999803,37.2099609375,719426
TGN (Continuous-Time),123,0.631540810517054,0.6599860834800662,0.2589928057553957,0.09836506877843992,0.2448905110359192,0.19412414729595184,0.6449976709280059,89,29.2104381930003,0.32820717070786853,37.2099609375,719426
TGN (Continuous-Time),2026,0.6355778686403396,0.7037051877427198,0.302158273381295,0.19379753225246416,0.2547212839126587,0.2099377065896988,0.6498628435381191,103,34.19258864299991,0.33196688002912533,37.2099609375,719426
