,Author A,Author B,Link Probability,Predicted Intensity
1,Ratih Amelia,Nanang Hoesen. H. A.,0.9806,0.5613
2,Nadia Nur Thahirrah,Nanang Hoesen. H. A.,0.9802,0.5046
3,Hujjatullah Fazlurrahman,Nadia Nur Thahirrah,0.9798,0.5009
4,Nanang Hoesen. H. A.,Dhiyan Septa Wihara,0.9793,0.491
5,Nanang Hoesen. H. A.,Yuni Rosita Dewi,0.9789,0.4354
6,Ratih Amelia,Yuni Rosita Dewi,0.9785,0.4643
7,Ika Diyah Candra Arifah,Dhiyan Septa Wihara,0.9783,0.5008
8,Muhammad Fajar Wahyudi Rahman,Yuni Rosita Dewi,0.978,0.4066
9,1xVR-fgAAAAJ,Hafid Kholidi Hadi,0.9779,0.3903
10,1xVR-fgAAAAJ,Muhammad Fajar Wahyudi Rahman,0.9778,0.4071
11,1xVR-fgAAAAJ,Fresha Kharisma,0.9774,0.3885
12,Yuni Rosita Dewi,Dhiyan Septa Wihara,0.977,0.4664
13,1xVR-fgAAAAJ,Nadia Nur Thahirrah,0.9768,0.3768
14,Nadia Nur Thahirrah,Yuni Rosita Dewi,0.9764,0.3995
15,Ratih Amelia,Dodik Arwin Dermawan,0.9764,0.425
16,Anita Safitri,Achmad Fitro,0.976,0.4113
17,Fresha Kharisma,Achmad Fitro,0.9756,0.3621
18,Siti Masitoh,Mustaji,0.9749,0.5586
19,Ratih Amelia,Achmad Fitro,0.9738,0.3809
20,1xVR-fgAAAAJ,Ika Diyah Candra Arifah,0.9736,0.3665
