variant,metric,mean_diff_vs_full,t_stat,p_value,significant_at_0.05
semantic_only (384D),auc,0.017614685230233056,1.4110247529147943,0.29369177086481557,False
semantic_only (384D),average_precision,0.012022842171819962,1.0424346817023435,0.40665983672570793,False
semantic_only (384D),hits_at_10,0.03597122302158274,0.9933992677987826,0.42519875107048954,False
semantic_only (384D),mrr,-0.009034100728633634,-0.5942162915622,0.6126308696739975,False
node2vec_only (64D),auc,0.14755965012162933,16.219931567780794,0.003779500417131586,True
node2vec_only (64D),average_precision,0.11301803969398838,35.207277590673776,0.0008057678838784913,True
node2vec_only (64D),hits_at_10,0.07673860911270983,12.094863136295286,0.0067666316092786175,True
node2vec_only (64D),mrr,0.035308226714907916,8.713652400022516,0.012915810270685224,True
tstpr_only (2D),auc,0.1146248468850819,9.369575111390294,0.011199948854971428,True
tstpr_only (2D),average_precision,0.1266662338216397,35.91086623899425,0.0007745392705415452,True
tstpr_only (2D),hits_at_10,0.17985611510791366,21.65063509461095,0.0021265308489881994,True
tstpr_only (2D),mrr,0.06341242690983363,12.750050883060203,0.0060952466754597675,True
semantic+node2vec (448D),auc,0.021979538671221266,2.0793827721396805,0.17311663489258025,False
semantic+node2vec (448D),average_precision,0.011908683402446182,1.3797079768485836,0.30167940800172177,False
semantic+node2vec (448D),hits_at_10,0.033573141486810544,3.8829013735766025,0.060381522700365994,False
semantic+node2vec (448D),mrr,-0.009731247759586245,-0.7248196097649656,0.5438916869213657,False
