feature_variant,seed,auc,average_precision,hits_at_10,mrr
semantic_only (384D),42,0.698462812483826,0.7232038060178451,0.2949640287769784,0.15145039266657667
semantic_only (384D),123,0.679881993685627,0.6821378421617864,0.16546762589928057,0.09912407638093564
semantic_only (384D),2024,0.6933388540965789,0.714748721173636,0.28776978417266186,0.1467351945719769
node2vec_only (64D),42,0.5606593861601367,0.6065193315392419,0.20863309352517986,0.08831843256854825
node2vec_only (64D),123,0.5595724858961751,0.6043483174670269,0.20863309352517986,0.08785985251754846
node2vec_only (64D),2024,0.5616168935355312,0.6062371277804934,0.20863309352517986,0.08810439620276785
tstpr_only (2D),42,0.600952331659852,0.5958232292448785,0.1079136690647482,0.05930110544027598
tstpr_only (2D),123,0.5838207132136017,0.5826529024443088,0.07913669064748201,0.05738725315782251
tstpr_only (2D),2024,0.5958801304280317,0.5976840627146209,0.12949640287769784,0.06328172210598892
semantic+node2vec (448D),42,0.6890947673515865,0.7154122031869021,0.23741007194244604,0.1472730839000316
semantic+node2vec (448D),123,0.6723254489933234,0.6858628072920427,0.2446043165467626,0.10419908420309378
semantic+node2vec (448D),2024,0.6971688835981574,0.7191578351824439,0.2733812949640288,0.14792893660922166
"full_tri_feature (450D, default)",42,0.6911132964132292,0.7158352575427325,0.28776978417266186,0.13165681233167972
"full_tri_feature (450D, default)",123,0.7103152010765488,0.7146748892658802,0.2733812949640288,0.12009905167105546
"full_tri_feature (450D, default)",2024,0.7230992184669531,0.7256487490601147,0.2949640287769784,0.11845149743085312
